video_id,class,kinetics_start,kinetics_end,repetition_start,repetition_end,count
APkos_Kqa3M,battle rope training,17,27,17.000000,26.976643,20.0
AaTvErday_s,battle rope training,121,131,121.900000,131.000000,12.0
AnEm66_ZHvQ,battle rope training,20,30,21.001001,29.809810,8.0
BuhAROfTtx8,battle rope training,1,11,4.327619,10.982858,9.0
C-X1eJftb-g,battle rope training,19,29,19.000000,28.976643,19.0
DkonD7QOe64,battle rope training,12,22,12.000000,13.301301,7.0
DkonD7QOe64,battle rope training,12,22,13.601602,21.225893,35.0
D5Ge91h0XZw,battle rope training,38,48,38.000000,44.633333,7.0
EKEJHzTW53s,battle rope training,15,25,22.400000,24.866667,3.0
EKEJHzTW53s,battle rope training,15,25,15.000000,17.666666,4.0
FGsndIt1TW4,battle rope training,0,10,1.334668,9.976643,30.0
F-8dgkZaeIk,battle rope training,0,10,5.083334,10.000000,20.0
GWOuD3bwuEs,battle rope training,31,41,33.308542,40.970223,34.0
JDdb4kNuKOE,battle rope training,14,24,14.000000,23.976643,25.0
JQu6cUHQTpI,battle rope training,220,230,220.000000,224.937437,7.0
KdF4TYh6YU4,battle rope training,33,43,33.000000,42.533333,16.0
M7Urc9uBjBU,battle rope training,34,44,43.040000,44.000000,2.0
OCKdRmWU1nE,battle rope training,21,31,21.000000,26.200000,8.0
OCKdRmWU1nE,battle rope training,21,31,26.680000,31.000000,16.0
Qdz2TK3Gd-U,battle rope training,11,21,18.807808,20.959960,14.0
QvHRHdDaSI8,battle rope training,19,29,19.000000,23.206897,12.0
Q2L3tDbuIus,battle rope training,0,10,0.000000,6.300000,8.0
Q2t1S__Hugo,battle rope training,0,10,6.066667,10.000000,23.0
RGq54UYpkmo,battle rope training,1,11,1.533867,10.142476,6.0
RQ48AUI_unk,battle rope training,312,322,319.866667,322.000000,3.0
THGD3_0enHU,battle rope training,7,17,7.000000,16.872677,6.0
TzvT-p_Hq-Y,battle rope training,28,38,34.306306,37.943277,6.0
VpUOfMeFx-U,battle rope training,63,73,63.000000,67.800000,9.0
W2bvLjnEsMo,battle rope training,22,32,22.083333,31.458333,14.0
ZAzz9icRTLY,battle rope training,15,25,15.000000,21.106106,26.0
a-APH0A_8FU,battle rope training,1,11,6.766667,11.000000,11.0
bEo2REq5rNo,battle rope training,72,82,72.000000,82.000000,30.0
g5WozmwLles,battle rope training,16,26,16.884217,20.854855,4.0
hEk_hUf5SrM,battle rope training,0,10,0.500501,6.272940,4.0
hHdt-T-9m8k,battle rope training,97,107,97.000000,107.000000,16.0
jjVpRAHiDiU,battle rope training,1,11,1.000000,10.517241,25.0
k3OYki3qGs0,battle rope training,72,82,72.000000,76.637971,9.0
l0IbxJrvkps,battle rope training,0,10,1.434768,5.338672,5.0
nQD9ZYqcjYk,battle rope training,5,15,5.657053,14.648304,13.0
p-FfGCmmvKg,battle rope training,1,11,2.710186,9.092100,3.0
qCM65vJ2DJw,battle rope training,0,10,0.000000,7.233333,27.0
qCM65vJ2DJw,battle rope training,0,10,9.533333,10.000000,3.0
r1B4eCjOsQA,battle rope training,147,157,147.000000,151.818793,10.0
r1B4eCjOsQA,battle rope training,147,157,152.655389,156.972225,9.0
r1Y8JuMLABE,battle rope training,6,16,6.000000,10.600000,7.0
sM3uTGBNGw8,battle rope training,23,33,26.603604,32.676343,18.0
t4v60Uown1Y,battle rope training,3,13,3.000000,11.591926,44.0
t4v60Uown1Y,battle rope training,3,13,11.742075,12.959960,4.0
xCFVQU7cV9I,battle rope training,12,22,13.233333,20.600000,19.0
1SivOp5wzR4,battle rope training,12,22,12.000000,20.508509,9.0
268qJev1jaE,battle rope training,0,10,0.000000,2.800000,5.0
66806zjlX0Q,battle rope training,99,109,100.000000,103.933333,15.0
7eS2fihBToE,battle rope training,3,13,3.000000,12.009009,14.0
-i2ZylN33X0,battle rope training,110,120,110.000000,116.283333,31.0
-m5EgnvIT0A,battle rope training,29,39,29.000000,38.943277,14.0
--oGGqMZmAA,battle rope training,7,17,7.000000,17.000000,11.0
DzGDU949CO0,bouncing ball (not juggling),221,231,223.033333,223.783333,2.0
D2fP3lx1z1A,bouncing ball (not juggling),4,14,5.900000,8.400000,12.0
D2fP3lx1z1A,bouncing ball (not juggling),4,14,12.200000,13.966667,5.0
EECxzwPpbP4,bouncing ball (not juggling),5,15,5.900901,7.869537,2.0
EECxzwPpbP4,bouncing ball (not juggling),5,15,8.987320,11.072740,8.0
FLY2D2gE0qs,bouncing ball (not juggling),605,615,605.000000,614.400000,16.0
FpDag2X2zVA,bouncing ball (not juggling),25,35,25.534813,30.314704,7.0
FpDag2X2zVA,bouncing ball (not juggling),25,35,32.988769,33.924692,3.0
GQJcsl3nwUA,bouncing ball (not juggling),2,12,2.367034,3.835169,7.0
GQJcsl3nwUA,bouncing ball (not juggling),2,12,10.341675,10.742075,2.0
HFlwKbbeFXY,bouncing ball (not juggling),18,28,19.766666,24.400000,2.0
H4DNu9OjgKU,bouncing ball (not juggling),0,10,3.069736,9.075742,22.0
IQyJivv_5KU,bouncing ball (not juggling),8,18,10.800000,12.466667,4.0
Iuw-aS1Q2RQ,bouncing ball (not juggling),55,65,55.800801,64.376042,5.0
I6PShxS_Uf8,bouncing ball (not juggling),0,10,0.000000,0.700000,4.0
I6PShxS_Uf8,bouncing ball (not juggling),0,10,9.100000,9.666667,4.0
KhDjVeu4Xxo,bouncing ball (not juggling),75,85,77.235569,78.236570,2.0
MUIWvu58u4E,bouncing ball (not juggling),89,99,89.867534,91.569236,2.0
MUIWvu58u4E,bouncing ball (not juggling),89,99,93.771438,97.675342,6.0
NY9M0VS3Z0A,bouncing ball (not juggling),122,132,122.133333,132.000000,15.0
OcdqxcHMuOU,bouncing ball (not juggling),27,37,27.450000,31.950000,5.0
RLeaNDEMuKM,bouncing ball (not juggling),29,39,29.000000,33.056930,7.0
RQWRtYYctbQ,bouncing ball (not juggling),0,10,1.966667,9.300000,4.0
T94ugTHMwHU,bouncing ball (not juggling),0,10,4.000000,10.000000,5.0
UcoP26Ka9kE,bouncing ball (not juggling),5,15,8.370037,12.374041,10.0
dQjeV03_rys,bouncing ball (not juggling),2,12,2.000000,12.000000,13.0
ea1CCha0-S0,bouncing ball (not juggling),37,47,41.080000,45.060000,8.0
egNaV5U_EJk,bouncing ball (not juggling),24,34,31.130691,33.952907,3.0
fVU85a0AhQI,bouncing ball (not juggling),0,10,0.000000,10.000000,29.0
hQxd8tVcPiY,bouncing ball (not juggling),4,14,4.000000,4.866667,2.0
hQxd8tVcPiY,bouncing ball (not juggling),4,14,8.133333,14.000000,14.0
hi6lkugoBss,bouncing ball (not juggling),0,10,6.500000,7.800000,4.0
iGoQXYmIViU,bouncing ball (not juggling),106,116,109.933333,115.966667,8.0
jcb6Vwwq0N4,bouncing ball (not juggling),57,67,57.800000,61.480000,6.0
kXR_MFXsYpQ,bouncing ball (not juggling),140,150,140.400000,147.133333,12.0
kXR_MFXsYpQ,bouncing ball (not juggling),140,150,148.033333,149.966667,3.0
lEPLsVKWkr0,bouncing ball (not juggling),13,23,15.066667,16.933333,5.0
lEPLsVKWkr0,bouncing ball (not juggling),13,23,19.066667,22.466667,8.0
l4-nExOlhY8,bouncing ball (not juggling),1,11,5.416666,8.450000,3.0
mPPiAtlUrnI,bouncing ball (not juggling),56,66,56.300832,57.571013,4.0
mPPiAtlUrnI,bouncing ball (not juggling),56,66,62.284053,63.387104,4.0
m25SIEETLew,bouncing ball (not juggling),0,10,1.444444,1.962963,4.0
m25SIEETLew,bouncing ball (not juggling),0,10,7.388889,7.722222,2.0
oG1pIEm7MN4,bouncing ball (not juggling),79,89,80.166667,88.966667,4.0
pavLZ-4ajlo,bouncing ball (not juggling),42,52,42.150000,48.400000,16.0
pavLZ-4ajlo,bouncing ball (not juggling),42,52,49.800000,51.700000,5.0
poNxCziylHM,bouncing ball (not juggling),4,14,4.233333,11.800000,17.0
poNxCziylHM,bouncing ball (not juggling),4,14,13.133333,14.000000,2.0
qIIOP4-EzDU,bouncing ball (not juggling),62,72,63.710043,65.878879,7.0
qIIOP4-EzDU,bouncing ball (not juggling),62,72,70.883884,71.926593,3.0
rMCYWGDKYNI,bouncing ball (not juggling),15,25,15.000000,24.300000,21.0
rfJiT4fjsfU,bouncing ball (not juggling),106,116,112.930958,113.868479,4.0
rfJiT4fjsfU,bouncing ball (not juggling),106,116,115.308243,115.977901,2.0
swPcVjBBYMw,bouncing ball (not juggling),0,10,1.133333,4.133333,6.0
swPcVjBBYMw,bouncing ball (not juggling),0,10,5.950000,7.850000,3.0
tF9w3kUTE4Q,bouncing ball (not juggling),3,13,6.533333,7.333333,2.0
tF9w3kUTE4Q,bouncing ball (not juggling),3,13,11.166667,11.766667,2.0
tHs-a_9GLrE,bouncing ball (not juggling),5,15,5.000000,9.866667,9.0
tzjjj1LGg1s,bouncing ball (not juggling),8,18,12.077949,16.022195,8.0
v95whkDim20,bouncing ball (not juggling),0,10,3.033333,6.450000,9.0
v95whkDim20,bouncing ball (not juggling),0,10,7.633333,10.000000,4.0
BJ5STOKry58,bouncing on trampoline,175,185,175.000000,180.200000,7.0
CMsLTAo6ftY,bouncing on trampoline,6,16,6.000000,9.133333,3.0
CMsLTAo6ftY,bouncing on trampoline,6,16,13.366667,16.000000,3.0
NBuZrEx4j6Q,bouncing on trampoline,0,10,1.866667,10.000000,9.0
NrCkx10n0lo,bouncing on trampoline,71,81,71.089123,80.446994,10.0
gymLHNWWAqg,bouncing on trampoline,102,112,102.000000,112.000000,12.0
iUGDlrMDonk,bouncing on trampoline,88,98,93.038372,97.976643,6.0
k3RQEXLtwdQ,bouncing on trampoline,186,196,186.000000,187.901902,2.0
lHMpUBZ0ycY,bouncing on trampoline,63,73,65.602582,69.996552,6.0
l4Z6LkdDoKE,bouncing on trampoline,0,10,0.000000,4.600000,5.0
mmExEQ88fEo,bouncing on trampoline,0,10,0.033367,4.637971,5.0
porHzaZgm2o,bouncing on trampoline,15,25,19.437771,24.976643,6.0
sp0nDoUydmA,bouncing on trampoline,6,16,6.000000,16.000000,3.0
tHOAJA8QWGc,bouncing on trampoline,18,28,26.000000,28.000000,2.0
ukDzEo-V0Eg,bouncing on trampoline,38,48,38.000000,41.214286,3.0
2ECQLcJoQl0,bouncing on trampoline,0,10,3.520000,5.280000,2.0
2ECQLcJoQl0,bouncing on trampoline,0,10,5.600000,10.000000,4.0
3hLFNkW7TP8,bouncing on trampoline,3,13,3.000000,13.000000,13.0
6GT4tKfVQQ4,bouncing on trampoline,217,227,217.000000,227.000000,10.0
8x9rty5TpC8,bouncing on trampoline,25,35,30.405405,34.943277,5.0
9Fg_DQe_FYg,bouncing on trampoline,45,55,45.000000,47.800000,5.0
9Fg_DQe_FYg,bouncing on trampoline,45,55,48.900000,51.100000,3.0
D9-sgFDmlyo,clapping,19,29,19.000000,20.167835,3.0
Nyei_vA2ZI4,clapping,7,17,7.200000,10.900000,9.0
Rd4R5XURJow,clapping,19,29,19.000000,28.743076,16.0
STSlc05O4Zs,clapping,0,10,1.133333,4.100000,9.0
STSlc05O4Zs,clapping,0,10,9.533333,9.866667,2.0
aGhMTBV1r2o,clapping,0,10,1.566667,1.766667,2.0
fmjbHBm5jYM,clapping,138,148,140.680000,147.640000,5.0
jgrg1Yy61OA,clapping,55,65,57.800000,61.416666,9.0
r38Zd6vAl4Y,clapping,122,132,122.233981,124.573787,14.0
sazNP47MOV4,clapping,5,15,5.000000,6.007007,2.0
sazNP47MOV4,clapping,5,15,11.419670,14.692443,8.0
vN1JxANg17Q,clapping,37,47,37.000000,38.466667,8.0
vN1JxANg17Q,clapping,37,47,40.433333,45.033333,3.0
x27_ay1e28k,clapping,72,82,76.904905,77.338672,2.0
yITsaFYFAWI,clapping,6,16,6.500000,12.233333,10.0
_a30VHk7KAo,clapping,40,50,44.649891,45.675602,5.0
DgLUB2tqxxU,gymnastics tumbling,5,15,11.740073,14.409409,2.0
FQnH6pjj4DA,gymnastics tumbling,0,10,3.066667,5.800000,3.0
HFuOhzpSyEU,gymnastics tumbling,0,10,4.571238,8.408408,4.0
Hb0xqpm3E_4,gymnastics tumbling,0,10,0.000000,6.906907,8.0
MJUV4xuOazo,gymnastics tumbling,11,21,16.783334,19.150000,3.0
OVG9FlEXUsk,gymnastics tumbling,99,109,107.108108,108.943277,3.0
PSjsZbsL-5w,gymnastics tumbling,15,25,15.900000,18.466667,2.0
PSjsZbsL-5w,gymnastics tumbling,15,25,23.616667,25.000000,2.0
Pct0eQYej3o,gymnastics tumbling,5,15,12.720000,14.940000,3.0
SZRaAzB3QBM,gymnastics tumbling,0,10,7.207207,9.976643,4.0
SefnEPNTw_A,gymnastics tumbling,16,26,24.716667,26.000000,2.0
UX4Qi1opOXs,gymnastics tumbling,15,25,18.436770,21.373040,3.0
VPBUGLdGqD0,gymnastics tumbling,4,14,4.000000,7.100000,4.0
e5uBDSv4AC8,gymnastics tumbling,0,10,4.473295,6.390421,2.0
gTSnIOgM87A,gymnastics tumbling,3,13,3.760000,7.920000,5.0
gyJkrOIGoi4,gymnastics tumbling,1,11,6.739072,9.942276,3.0
oN3qOlphjfo,gymnastics tumbling,0,10,0.500000,5.733333,6.0
r_QAJpJZN0Y,gymnastics tumbling,1,11,3.283333,5.066667,2.0
t5h7YZ5UB_k,gymnastics tumbling,0,10,5.100000,7.800000,3.0
ue76rkIZDF4,gymnastics tumbling,4,14,4.000000,7.640000,6.0
3q_hYozNomk,gymnastics tumbling,6,16,12.566667,15.066667,3.0
4tSdZzeV7BU,gymnastics tumbling,14,24,14.000000,18.166667,5.0
48jTnRkRWEM,gymnastics tumbling,7,17,7.733333,10.966667,4.0
67yBz3lzUic,gymnastics tumbling,1,11,1.417084,4.003003,2.0
7Jr-3f-aKzE,gymnastics tumbling,17,27,20.333333,25.800000,6.0
-Gfncisg2GE,gymnastics tumbling,1,11,1.000000,3.900000,3.0
-qemAFCmsGs,gymnastics tumbling,0,10,2.686020,4.621288,2.0
AVsSyPj6Zy0,juggling soccer ball,26,36,29.966667,36.000000,10.0
Ar5CfcirqgY,juggling soccer ball,425,435,425.000000,435.000000,17.0
CepI41kpYqM,juggling soccer ball,99,109,99.000000,108.943277,23.0
ErgWAKiq1ho,juggling soccer ball,30,40,30.000000,36.125000,12.0
ErgWAKiq1ho,juggling soccer ball,30,40,36.541667,40.000000,6.0
FZT-MzHMhd8,juggling soccer ball,12,22,12.000000,21.976643,13.0
GE6VK3ySAtI,juggling soccer ball,20,30,20.000000,21.067734,2.0
GE6VK3ySAtI,juggling soccer ball,20,30,21.835169,25.005005,5.0
GE6VK3ySAtI,juggling soccer ball,20,30,25.638972,29.442776,8.0
HAVLxBVitWU,juggling soccer ball,2,12,3.800000,8.133333,5.0
HMf8FWYBPIE,juggling soccer ball,17,27,20.937271,26.976643,8.0
HfId2NwUew8,juggling soccer ball,83,93,83.000000,87.500000,7.0
IEidzT4MEMk,juggling soccer ball,117,127,117.000000,127.000000,19.0
INE1G3CoLaU,juggling soccer ball,17,27,18.100000,22.300000,7.0
KH6P86revfc,juggling soccer ball,2,12,2.000000,9.974641,16.0
Kk6n29KqipA,juggling soccer ball,10,20,10.000000,13.603604,5.0
Kk6n29KqipA,juggling soccer ball,10,20,15.572239,19.976643,7.0
L8bee5aEgBA,juggling soccer ball,252,262,252.367034,261.976643,14.0
MgXequXumns,juggling soccer ball,90,100,90.000000,100.000000,17.0
MkVRQmJnYgk,juggling soccer ball,22,32,22.000000,32.000000,12.0
PM05EC64rlc,juggling soccer ball,14,24,14.000000,23.976643,15.0
SJIcljExpK4,juggling soccer ball,0,10,0.650000,8.583333,9.0
TnfsFO-CDRg,juggling soccer ball,24,34,31.933333,34.000000,5.0
Wd_O0WkiMNE,juggling soccer ball,1,11,1.000000,5.337671,8.0
Wd_O0WkiMNE,juggling soccer ball,1,11,7.072739,8.691025,3.0
Xp3ruKdw2YI,juggling soccer ball,0,10,0.000000,9.976643,21.0
aL6AsKzzZFk,juggling soccer ball,18,28,18.000000,25.166667,5.0
bH9cE46eZJY,juggling soccer ball,62,72,62.000000,70.089797,13.0
c68Z9cjgVsk,juggling soccer ball,284,294,284.000000,294.000000,19.0
dmtxU26lF6E,juggling soccer ball,0,10,0.566667,10.000000,18.0
en_HZhvSYk4,juggling soccer ball,4,14,4.000000,11.316667,9.0
fjMUSqdb_5I,juggling soccer ball,16,26,16.000000,26.000000,14.0
gap1tQ4c438,juggling soccer ball,20,30,21.234568,25.588922,8.0
gap1tQ4c438,juggling soccer ball,20,30,28.308308,29.976643,3.0
g89EYJr6NGY,juggling soccer ball,35,45,35.000000,39.466667,8.0
jCiSc4NeWgk,juggling soccer ball,3,13,3.000000,6.866667,8.0
jjCWGg_JYp0,juggling soccer ball,31,41,31.000000,39.066666,8.0
kEyAKdsgdQ0,juggling soccer ball,18,28,18.000000,26.840000,13.0
ko7TLBFSpPk,juggling soccer ball,8,18,10.966667,12.533334,3.0
lHQef0d14tw,juggling soccer ball,3,13,5.819487,9.740074,4.0
l-xvnuY2cS0,juggling soccer ball,52,62,52.000000,62.000000,18.0
nIJ4q_zmQIY,juggling soccer ball,19,29,19.000000,21.133333,3.0
oIDXnbpHF-8,juggling soccer ball,7,17,7.000000,12.033333,8.0
o6VXqemdLg8,juggling soccer ball,181,191,181.000000,189.116667,12.0
pDJzsvU2gIs,juggling soccer ball,0,10,0.700701,6.639973,9.0
rbngfUJgu8Y,juggling soccer ball,7,17,7.000000,16.964075,19.0
r-kcQEJq5Zc,juggling soccer ball,220,230,220.000000,230.000000,17.0
sVTUhon4yf8,juggling soccer ball,9,19,13.000000,19.000000,11.0
t7ACNYMaZIc,juggling soccer ball,82,92,82.000000,87.585471,8.0
zBwBvHSHVr8,juggling soccer ball,10,20,10.000000,19.133333,15.0
zBwBvHSHVr8,kicking soccer ball,17,27,17.000000,26.133333,15.0
0Byb4qkFe6w,juggling soccer ball,81,91,81.000000,88.800000,13.0
0Z1uxgfM-5U,juggling soccer ball,41,51,48.750000,50.708333,3.0
0q0j95ANrms,juggling soccer ball,57,67,57.000000,66.951081,18.0
1Ssb6RnzL-A,juggling soccer ball,1,11,1.600601,10.209209,13.0
3R0KIDzX1SI,juggling soccer ball,54,64,54.000000,63.976643,18.0
32K6CeUzJvg,juggling soccer ball,48,58,48.000000,52.833334,6.0
4kDmPvYr6Mo,juggling soccer ball,77,87,77.000000,81.815962,7.0
4qEYlnS0kQA,juggling soccer ball,457,467,457.000000,466.976643,18.0
5ogPyRTZ21k,juggling soccer ball,46,56,46.000000,47.333333,3.0
5ymVYO4Al98,juggling soccer ball,121,131,121.000000,131.000000,19.0
6tIalN4k2Ro,juggling soccer ball,138,148,138.000000,146.266666,13.0
7u7bZsPmsgs,juggling soccer ball,24,34,24.000000,33.974646,20.0
794nYWCgEOI,juggling soccer ball,348,358,348.000000,357.976643,21.0
8CECtLqmusQ,juggling soccer ball,12,22,12.000000,18.723390,11.0
8Q9pPZdicRo,juggling soccer ball,75,85,77.466667,82.066667,7.0
A9ABeh6UxIE,jumping jacks,0,10,0.000000,9.969133,11.0
DI6RmQHYduw,jumping jacks,0,10,0.000000,6.080000,6.0
HqDD2PHO03M,jumping jacks,12,22,12.000000,21.968302,8.0
Iq2V18wd8vM,jumping jacks,31,41,32.500000,38.000000,5.0
K9xEfrOwWo8,jumping jacks,19,29,19.000000,29.000000,11.0
LBAujoJIP84,jumping jacks,0,10,0.366667,6.233333,6.0
LhNmFoojJg8,jumping jacks,2,12,2.000000,11.943277,6.0
LqwloThYE7Y,jumping jacks,35,45,35.000000,44.926593,10.0
M18u9iUgSvo,jumping jacks,10,20,17.833333,20.000000,2.0
N3W0u17tLXk,jumping jacks,310,320,310.000000,320.000000,12.0
P5ohYhxsYo8,jumping jacks,2,12,2.000000,11.976643,5.0
Ry2hr9Ff0Fs,jumping jacks,5,15,5.000000,14.966667,8.0
U3ZT2OunZbI,jumping jacks,0,10,0.000000,4.571238,4.0
Zd8JopgebnI,jumping jacks,21,31,21.000000,30.976643,10.0
c6ScBnbLCIs,jumping jacks,58,68,59.034483,67.379310,10.0
eJaEi7R9AR8,jumping jacks,11,21,11.000000,17.066667,7.0
hf721om62L8,jumping jacks,0,10,0.000000,6.072739,4.0
j5QeY7ZH5-8,jumping jacks,0,10,0.000000,6.473140,3.0
m7Hwkg-Pm3k,jumping jacks,2,12,2.000000,8.373040,7.0
qOf1R4dmPbE,jumping jacks,17,27,22.240000,27.000000,6.0
s4RscMfmi6Y,jumping jacks,84,94,84.000000,94.000000,12.0
ubP9lG6Xv-k,jumping jacks,0,10,0.000000,8.300000,9.0
w-qqx2l30tY,jumping jacks,15,25,19.421088,23.633634,4.0
xGH01du4DDM,jumping jacks,158,168,158.000000,167.927421,12.0
yMpW4AEvfww,jumping jacks,3,13,7.100000,12.466667,5.0
yMpW4AEvfww,jumping jacks,3,13,3.000000,5.966667,3.0
yROniuXQHEY,jumping jacks,45,55,45.000000,54.976643,11.0
2Ja9R7o4fC0,jumping jacks,6,16,6.000000,12.458333,7.0
69aAzRzPUfk,jumping jacks,49,59,49.000000,58.951699,11.0
7M0PFzXmIjw,jumping jacks,0,10,0.000000,6.125000,6.0
-TP6LtP3F1E,jumping jacks,103,113,103.000000,110.005316,8.0
A_d2bn243-Y,mountain climber (exercise),32,42,39.941275,41.943277,5.0
BE4gOCcrvgs,mountain climber (exercise),241,251,241.000000,250.976643,26.0
BuKbxHQaMtI,mountain climber (exercise),0,10,2.896552,10.000000,4.0
FlYUxQyB-34,mountain climber (exercise),0,10,1.768435,8.008008,3.0
HNeMmcAuAMI,mountain climber (exercise),25,35,25.166667,26.900000,2.0
Jc3QV8id9Ns,mountain climber (exercise),0,10,0.000000,9.976643,28.0
Pg2Q-r2sS5k,mountain climber (exercise),0,10,0.166834,7.240574,10.0
Q2L7hXvIfRw,mountain climber (exercise),0,10,0.133333,7.200000,12.0
ROpLFuMHnOU,mountain climber (exercise),12,22,12.000000,18.366667,4.0
RfMhdJv_h2k,mountain climber (exercise),30,40,31.733333,40.000000,16.0
S3iJkKGY5RE,mountain climber (exercise),19,29,19.000000,26.541984,4.0
V58HNVFaHpw,mountain climber (exercise),67,77,67.000000,72.271939,11.0
V58HNVFaHpw,mountain climber (exercise),67,77,72.472139,74.741074,5.0
V58HNVFaHpw,mountain climber (exercise),67,77,76.042376,76.976643,2.0
bbEXuOiqDpk,mountain climber (exercise),0,10,0.000000,9.976643,18.0
eFpRcxfYsjY,mountain climber (exercise),0,10,0.000000,4.278504,4.0
gfZyIoEjJf4,mountain climber (exercise),29,39,29.000000,35.800000,10.0
iQGDL71bVxY,mountain climber (exercise),10,20,13.666667,16.100000,5.0
j8En6ujQSbM,mountain climber (exercise),0,10,0.000000,4.637971,10.0
nQIROQk78Do,mountain climber (exercise),21,31,21.500501,27.773440,8.0
oE8Ygc98M9A,mountain climber (exercise),0,10,4.637971,9.976643,11.0
q9cmUVCejCQ,mountain climber (exercise),0,10,0.233567,1.801802,3.0
rKxDUp0teo8,mountain climber (exercise),0,10,0.000000,6.966667,7.0
sEFZ45uYI2c,mountain climber (exercise),45,55,45.000000,53.600000,13.0
szlw8XOERl8,mountain climber (exercise),18,28,23.739072,26.842176,4.0
tExQFWaFJwM,mountain climber (exercise),0,10,0.367034,4.437771,6.0
uK7EUBdQYGs,mountain climber (exercise),0,10,1.733333,10.000000,16.0
vejrt1l5AQM,mountain climber (exercise),62,72,69.033333,72.000000,4.0
y3OzOR80dHM,mountain climber (exercise),0,10,0.000000,5.972639,15.0
0CcBSsbQvFg,mountain climber (exercise),0,10,0.000000,3.970637,11.0
3KB7l9vakic,mountain climber (exercise),85,95,92.791124,94.442776,3.0
37BRxdkQu_o,mountain climber (exercise),50,60,50.000000,57.466667,5.0
6glQQIb5Tc0,mountain climber (exercise),60,70,60.000000,63.837171,2.0
6zBw9IVnqCU,mountain climber (exercise),0,10,0.000000,5.827586,23.0
8gtxBbw7Dy8,mountain climber (exercise),27,37,34.007007,36.943277,3.0
9BOBcx51Ul4,mountain climber (exercise),0,10,0.633967,9.976643,40.0
9HMp2bgMR9k,mountain climber (exercise),65,75,65.000000,73.280000,5.0
A87mG7GM7n8,planing wood,41,51,41.000000,50.925926,2.0
ETo6wgt7i2k,planing wood,173,183,173.000000,183.000000,4.0
FQn6pVdKmmk,planing wood,15,25,15.000000,23.875542,3.0
L0Ma-QTGmBk,planing wood,114,124,118.504505,122.008008,3.0
O35C4gqgg1U,planing wood,1278,1288,1278.000000,1280.381671,2.0
O35C4gqgg1U,planing wood,1278,1288,1281.455100,1287.962765,6.0
PU9yNlkDJb4,planing wood,36,46,36.000000,44.666667,4.0
QGlnpr-_PAI,planing wood,70,80,70.000000,78.233333,7.0
QTTcnqAR3Fk,planing wood,2,12,2.000000,11.442776,3.0
SSnFwDTeO9c,planing wood,33,43,33.000000,43.000000,4.0
T8rPPqC5b34,planing wood,1010,1020,1010.000000,1010.733333,2.0
Wy_7F_l6Hr0,planing wood,17,27,17.233567,24.207207,2.0
ab-MmudKdD0,planing wood,12,22,12.000000,15.069736,2.0
bw0A0gTXrbk,planing wood,284,294,284.000000,285.768435,3.0
casDTQ0y60Y,planing wood,72,82,72.533867,81.976643,2.0
dCIX9Ocwab0,planing wood,0,10,0.000000,10.000000,6.0
dQ6CHtVH5jE,planing wood,145,155,145.000000,154.968302,2.0
g3V9JXXCfNI,planing wood,23,33,23.000000,29.806807,4.0
hRO4a07k89o,planing wood,19,29,19.000000,28.976643,4.0
jqSA8eD-WkA,planing wood,355,365,355.000000,356.501502,2.0
jqSA8eD-WkA,planing wood,355,365,358.269937,362.774441,4.0
oeAs2FGDpZ0,planing wood,110,120,110.000000,120.000000,2.0
q6HF4zpH9xM,planing wood,46,56,46.000000,52.973640,12.0
rGoeNj74nDM,planing wood,14,24,15.300000,18.500000,6.0
rGoeNj74nDM,planing wood,14,24,19.866667,21.633333,4.0
rGoeNj74nDM,planing wood,14,24,22.366667,24.000000,5.0
t34ROASdQfE,planing wood,79,89,79.000000,84.033333,5.0
vEzF8Q7IZnw,planing wood,5,15,5.000000,14.976643,7.0
v174SjBDXlE,planing wood,201,211,201.000000,209.933333,21.0
0rvBA3Lk2eo,planing wood,4,14,6.366667,14.000000,5.0
1ChYrZMCXHg,planing wood,75,85,80.000000,85.000000,3.0
4UIfesmvftc,planing wood,788,798,788.000000,789.733333,2.0
6GZPVfofQ2c,planing wood,74,84,74.000000,84.000000,10.0
6MiQ_VGEUgA,planing wood,89,99,96.474141,98.976643,2.0
7qaTPDNmKbw,planing wood,297,307,297.000000,301.771438,13.0
9valohwCw4g,planing wood,92,102,92.000000,102.000000,16.0
-YkNA24s4Ho,planing wood,280,290,285.964298,289.968302,3.0
A_T0nQJ981c,playing ping pong,20,30,20.000000,22.466667,2.0
BL3Vs4pVOKc,playing ping pong,22,32,28.139473,30.608609,2.0
DIaerqmqN1E,playing ping pong,6,16,7.600000,13.000000,3.0
DpDyuhF6Alc,playing ping pong,160,170,160.000000,162.402402,2.0
DpDyuhF6Alc,playing ping pong,160,170,165.705706,168.308308,2.0
E5A5JfS5wwk,playing ping pong,78,88,79.633334,87.116666,2.0
FeYJGxE6fkY,playing ping pong,310,320,310.000000,312.633333,2.0
GyHVFdfEbyI,playing ping pong,419,429,423.083333,426.966666,3.0
HcL0NZUUeWo,playing ping pong,122,132,125.770437,129.107107,2.0
IIqg12rlSgo,playing ping pong,140,150,145.166667,149.900000,2.0
IIqg12rlSgo,playing ping pong,140,150,140.000000,144.150000,2.0
JDbWT8TC1q8,playing ping pong,42,52,42.000000,45.787121,3.0
JI64dikSIm4,playing ping pong,0,10,3.470137,7.574241,3.0
JI64dikSIm4,playing ping pong,0,10,7.957958,9.976643,2.0
J2dmwQeNxp8,playing ping pong,21,31,21.467134,23.002002,2.0
Lm1yrhHEPhQ,playing ping pong,10,20,10.000000,20.000000,6.0
L0AXgXjT6Zo,playing ping pong,4,14,4.000000,10.239573,4.0
L7fYjIlMnR8,playing ping pong,41,51,41.000000,50.976643,7.0
Nhl46d2bueI,playing ping pong,1,11,4.903904,10.909910,3.0
OmIcycXGkG8,playing ping pong,110,120,110.000000,113.803804,3.0
O1luitbv8sE,playing ping pong,153,163,153.000000,154.033333,2.0
PagVojz4-qk,playing ping pong,106,116,106.600601,111.505506,4.0
QkzF1myWJsE,playing ping pong,0,10,3.666666,10.000000,5.0
T13NYMpFfpw,playing ping pong,0,10,0.539320,5.865103,4.0
T13NYMpFfpw,playing ping pong,0,10,8.595409,9.977416,2.0
V6cnJ9nG3oc,playing ping pong,8,18,8.000000,12.800000,4.0
X7RMG1-Srp8,playing ping pong,42,52,42.000000,45.636970,3.0
X7RMG1-Srp8,playing ping pong,42,52,47.271939,51.976643,5.0
aRwp3NPsGOg,playing ping pong,25,35,28.333333,32.433333,3.0
a9PrSorcZ-Q,playing ping pong,282,292,282.333333,285.900000,2.0
a9PrSorcZ-Q,playing ping pong,282,292,289.366667,292.000000,2.0
bUhuBlsOack,playing ping pong,28,38,29.766667,34.666667,3.0
cAdl5uGiwEE,playing ping pong,0,10,3.133333,8.266667,4.0
cKvFVbUaOCA,playing ping pong,215,225,215.000000,217.733333,2.0
cKvFVbUaOCA,playing ping pong,215,225,220.766667,224.500000,3.0
ekRz5KwqQFo,playing ping pong,37,47,37.000000,40.503504,2.0
ekRz5KwqQFo,playing ping pong,37,47,41.804805,46.976643,3.0
fOt5iVsSa4Q,playing ping pong,0,10,0.533867,5.305306,4.0
hCvymi8U8ZA,playing ping pong,29,39,36.333333,38.866667,2.0
hP-c5DGf6vo,playing ping pong,24,34,24.000000,29.472139,9.0
hP-c5DGf6vo,playing ping pong,24,34,31.140473,33.943277,3.0
hkPD4SbMS8c,playing ping pong,207,217,210.200000,215.633333,3.0
h0L3IaePcZQ,playing ping pong,18,28,20.544211,25.903737,8.0
jMIzjrV_RBU,playing ping pong,0,10,1.668335,8.241575,5.0
jop1zxGB0-Q,playing ping pong,52,62,52.266667,59.000000,2.0
keeoSu3FkTc,playing ping pong,91,101,94.900000,100.400000,3.0
k3zt30q3aMI,playing ping pong,89,99,91.602603,93.270938,2.0
oKAQl7fNkzg,playing ping pong,538,548,538.000000,547.042376,6.0
od1VcoamwXM,playing ping pong,0,10,4.022581,6.557820,2.0
ohp5vRs9oA4,playing ping pong,49,59,49.000000,54.580000,5.0
o6Fjd8hm3W8,playing ping pong,61,71,66.500000,71.000000,4.0
qBYVmxHS-bM,playing ping pong,189,199,189.000000,196.007007,2.0
qOF0asQlWgc,playing ping pong,0,10,0.166666,1.816666,2.0
rccE6Fwf8jQ,playing ping pong,18,28,19.360000,22.560000,3.0
unx6iNSj6p4,playing ping pong,0,10,0.933333,5.233333,2.0
vGR9pUDGVbA,playing ping pong,84,94,84.000000,87.970637,3.0
vGR9pUDGVbA,playing ping pong,84,94,92.074741,93.976643,2.0
w2ikRqbMxC4,playing ping pong,10,20,10.000000,19.500000,6.0
xGwoKxL8Sfs,playing ping pong,23,33,23.916667,26.416667,2.0
xGwoKxL8Sfs,playing ping pong,23,33,29.041666,30.458334,2.0
xMEFlMjEjTs,playing ping pong,5,15,10.872539,13.875542,3.0
xmQ0g72b33Q,playing ping pong,82,92,87.137903,91.070826,2.0
0dLWCxdfmPQ,playing ping pong,669,679,672.233333,674.083333,2.0
1QLJSaPSDvM,playing ping pong,171,181,171.000000,179.150000,2.0
1dTE0SO9jZU,playing ping pong,145,155,146.766667,152.400000,3.0
1_ydzDt9SAc,playing ping pong,36,46,36.300300,37.801802,2.0
3EqF5Aavx3Y,playing ping pong,15,25,15.300300,17.502503,2.0
3EqF5Aavx3Y,playing ping pong,15,25,22.490825,24.976643,2.0
4oY0nsUwZgk,playing ping pong,26,36,32.373040,35.809810,3.0
5NN1RfCxJHs,playing ping pong,30,40,30.600881,37.310722,3.0
5tbH0GIz9rM,playing ping pong,10,20,10.000000,18.775442,10.0
6OCGaAPwCbw,playing ping pong,5,15,5.000000,7.625000,3.0
6OCGaAPwCbw,playing ping pong,5,15,9.625000,14.416667,4.0
6i_uanzEaTY,playing ping pong,45,55,45.000000,48.336670,2.0
6i_uanzEaTY,playing ping pong,45,55,50.972639,54.976643,3.0
9OVVwWkTb1Q,playing ping pong,92,102,95.899654,97.507759,2.0
9QFy5GnAO88,playing ping pong,145,155,149.137471,152.507508,3.0
-CIJZEAu_Pg,playing ping pong,17,27,24.041667,26.416667,2.0
-k5o6IDibk0,playing ping pong,6,16,6.000000,16.000000,3.0
ARb0rBemhFE,playing tennis,25,35,28.620000,34.380000,2.0
CBL31JcCt24,playing tennis,63,73,63.000000,72.943277,5.0
FZVIxsv8lh4,playing tennis,2,12,2.840000,12.000000,3.0
FdI7-_2s5kk,playing tennis,43,53,43.000000,48.900000,4.0
FdI7-_2s5kk,playing tennis,43,53,50.133333,53.000000,2.0
F2WQiE9wod8,playing tennis,26,36,28.369036,35.943277,4.0
IgJIy7yGaHA,playing tennis,21,31,25.604605,30.626293,2.0
IpSChE964fg,playing tennis,357,367,357.233567,366.976643,3.0
KQe713QCuw8,playing tennis,157,167,159.902903,166.943277,2.0
LHvb6Gn-riQ,playing tennis,61,71,61.000000,71.000000,5.0
LZY_iF7EjyY,playing tennis,0,10,3.962626,9.969133,3.0
NGIHzgTCjho,playing tennis,150,160,155.438772,159.976643,3.0
NPiDwkZRy6w,playing tennis,3,13,3.000000,11.206036,3.0
Q6ETsMJKUbc,playing tennis,34,44,34.616667,43.700000,3.0
SVtw5PRuo9Y,playing tennis,466,476,466.266667,474.733333,3.0
TOovstsXhYc,playing tennis,1,11,1.666667,4.833333,2.0
T3Q10NrKG8k,playing tennis,145,155,147.220000,153.080000,2.0
W9QrPtfD72Y,playing tennis,2,12,4.900000,12.000000,4.0
XPkXLpvking,playing tennis,0,10,2.300000,9.566667,3.0
ZBTIf18Nmq0,playing tennis,117,127,120.970637,126.976643,2.0
bHdrczuS4jI,playing tennis,3,13,3.420000,9.860000,2.0
by0T-MNPoQ8,playing tennis,1,11,2.083334,5.666667,2.0
b0arsxa4cUM,playing tennis,39,49,40.434768,48.175843,3.0
dXyrR-ARNWw,playing tennis,495,505,495.166834,503.808809,3.0
e2dwACRESXc,playing tennis,220,230,220.150000,230.000000,3.0
hPuylJBmk_8,playing tennis,47,57,49.769436,56.976643,3.0
irWWnEAID5U,playing tennis,8,18,8.866667,17.183333,2.0
ix0RvakZ6Lk,playing tennis,77,87,77.840000,85.680000,3.0
i-JTfS97N68,playing tennis,6,16,10.571238,15.376043,2.0
oWK-Lj8Ls18,playing tennis,24,34,24.233333,33.366667,3.0
qw3JiXhP-4s,playing tennis,13,23,13.650000,18.283334,2.0
rZl881ilvr0,playing tennis,3,13,4.139678,7.776590,2.0
sPKu2KAeqI0,playing tennis,94,104,95.034368,100.623290,2.0
sk6TF18LRvs,playing tennis,9,19,15.720000,19.000000,3.0
vKKTlOW95SE,playing tennis,20,30,21.230769,28.615385,3.0
wHVw6YYqwVE,playing tennis,505,515,507.652652,511.072740,2.0
y_LxC6EZZF4,playing tennis,9,19,9.000000,18.200000,3.0
2RTltupmW0w,playing tennis,223,233,223.000000,226.737070,2.0
4ts_ojvQheM,playing tennis,280,290,280.000000,283.336670,2.0
4ts_ojvQheM,playing tennis,280,290,286.673340,289.976643,2.0
5UY4_ty1lek,playing tennis,431,441,431.000000,440.977416,4.0
8exXIpJRAqA,playing tennis,73,83,73.000000,82.976643,4.0
BM5aQmuyim0,running on treadmill,16,26,21.166667,23.133333,4.0
CLq2sHHP4kU,running on treadmill,35,45,35.000000,44.976643,14.0
C18Z9oBHtn4,running on treadmill,0,10,0.000000,9.433333,13.0
DiHx6PJ1AIc,running on treadmill,11,21,11.000000,20.976643,14.0
E_F7EtYJ7nM,running on treadmill,8,18,8.000000,17.960000,16.0
FGKCxoi8m8A,running on treadmill,0,10,0.000000,10.000000,17.0
II6QhgfQRH0,running on treadmill,0,10,0.000000,8.966667,14.0
JPzwrXznAQ4,running on treadmill,9,19,9.000000,18.876543,17.0
JlJIiXQ3Ctw,running on treadmill,34,44,34.000000,42.932484,14.0
MJPb-M3-2C0,running on treadmill,11,21,11.000000,20.100000,15.0
P9-vFMAEwY4,running on treadmill,0,10,0.000000,9.379310,13.0
Q5Tj5UrCWgs,running on treadmill,0,10,0.000000,9.876543,18.0
RSDE2r_qyoM,running on treadmill,29,39,29.000000,33.070737,6.0
SlmcFIKPACU,running on treadmill,9,19,9.000000,14.933333,9.0
a9x40T2Ti1Q,running on treadmill,41,51,44.666667,50.900000,11.0
bPuY7gCtCXQ,running on treadmill,5,15,5.000000,12.266667,16.0
buGMTfZgT9g,running on treadmill,20,30,20.208333,30.000000,15.0
b4MsbYinV_s,running on treadmill,28,38,28.000000,37.943277,14.0
e3jy0dPj1Og,running on treadmill,0,10,0.000000,10.000000,16.0
h-Ym7dHR2kA,running on treadmill,0,10,6.266667,10.000000,8.0
iC2aEryhu7c,running on treadmill,32,42,34.635969,41.909910,13.0
i3gUl-rJqh0,running on treadmill,2,12,2.000000,9.000000,11.0
jDkoB6KJ538,running on treadmill,140,150,140.000000,149.976643,19.0
kM15mI8Co3U,running on treadmill,12,22,18.089423,21.968302,5.0
oOZNo3rsrGw,running on treadmill,0,10,3.703704,9.976643,11.0
o2naVWxaKxM,running on treadmill,41,51,41.000000,51.000000,18.0
pOWjM59jWWI,running on treadmill,9,19,9.000000,19.000000,16.0
qFhoDkvJFnc,running on treadmill,4,14,4.000000,9.005005,8.0
sjbyEx20ou4,running on treadmill,0,10,2.800000,7.400000,10.0
uM8WU3ZLq9Q,running on treadmill,2,12,11.209210,11.976643,2.0
uj1Q8esHCgM,running on treadmill,4,14,4.000000,13.200000,22.0
vQMkOPwkcyw,running on treadmill,0,10,0.000000,9.885710,20.0
wyGKsNDxf5I,running on treadmill,2,12,2.000000,11.376043,13.0
zJvL6ZsTTBI,running on treadmill,25,35,25.000000,35.000000,15.0
z-C6xNVWadY,running on treadmill,0,10,0.000000,10.000000,19.0
0LPtA8-2SaY,running on treadmill,38,48,38.000000,48.000000,17.0
0LjEtt9Nfx4,running on treadmill,34,44,34.168067,43.949580,17.0
1K1wkuDGWSU,running on treadmill,75,85,75.000000,85.000000,17.0
3gy0tYV40Eg,running on treadmill,7,17,7.000000,16.976643,17.0
3l0DNyqdz60,running on treadmill,9,19,9.000000,16.320253,14.0
5MHiTtndWR4,running on treadmill,9,19,9.200000,16.400000,15.0
5YuTvYKd978,running on treadmill,0,10,1.583333,8.208333,10.0
7RBKcUMno90,running on treadmill,1,11,1.000000,3.033333,5.0
7RBKcUMno90,running on treadmill,1,11,4.166667,11.000000,15.0
8EtOGDoR2JA,running on treadmill,5,15,5.000000,14.976643,18.0
8OElLf7LSAo,running on treadmill,5,15,5.000000,14.700000,14.0
808DBlYAyEg,running on treadmill,29,39,29.000000,38.666667,15.0
9wnZaUX7wpU,running on treadmill,2,12,2.000000,11.988353,14.0
-KvDvP44fxc,running on treadmill,25,35,25.000000,35.000000,16.0
-OSzhjxCHPQ,running on treadmill,30,40,30.000000,36.039895,10.0
-OSzhjxCHPQ,running on treadmill,30,40,36.596201,39.854566,5.0
BpYBgTXu274,sawing wood,498,508,498.000000,506.400000,14.0
Bw_MIVvvhUU,sawing wood,165,175,166.440000,172.920000,2.0
DpszcCKDiJM,sawing wood,7,17,7.000000,9.035369,7.0
FB8nG3ZA00o,sawing wood,25,35,25.000000,31.933333,2.0
HbAYoheAboo,sawing wood,8,18,8.484675,17.509643,20.0
HyaANg2OZTw,sawing wood,2,12,4.736070,11.976643,16.0
IGmUTlH9LdE,sawing wood,26,36,26.000000,34.300000,12.0
KODgB416W00,sawing wood,315,325,318.269937,324.976643,16.0
LFo7f8nBKOw,sawing wood,3,13,3.750000,11.566667,18.0
NIAJJ73frFA,sawing wood,14,24,14.000000,24.000000,20.0
NtgPEb95Ox4,sawing wood,26,36,32.142857,36.000000,2.0
OA8awpmbe_E,sawing wood,22,32,22.000000,32.000000,5.0
Oz08rNjcF3Y,sawing wood,8,18,8.000000,17.976643,3.0
PYQKPQTl9q0,sawing wood,36,46,36.000000,45.726394,4.0
Q80TUW0sE5Y,sawing wood,0,10,0.000000,7.370370,24.0
RJ8m7r8ydr8,sawing wood,33,43,38.233334,43.000000,2.0
RavLI1kUqXk,chiseling wood,8,18,8.000000,17.966667,2.0
RavLI1kUqXk,sawing wood,18,28,18.000000,27.966667,2.0
R3HZO8Wl1f8,sawing wood,49,59,49.000000,53.754755,4.0
SgaJZvQwF2g,sawing wood,121,131,124.649513,130.977567,5.0
SvLlHFO-VM0,sawing wood,15,25,15.000000,25.000000,7.0
TAPVSYlu0ss,sawing wood,27,37,27.000000,35.975642,2.0
VERNxMkSmlc,sawing wood,26,36,26.000000,30.000000,7.0
VERNxMkSmlc,sawing wood,26,36,30.633333,33.766667,7.0
VERNxMkSmlc,sawing wood,26,36,34.200000,36.000000,3.0
VHYbsaPfLiA,sawing wood,11,21,11.000000,19.766666,26.0
afVjOpuAC68,sawing wood,64,74,66.033333,69.116667,5.0
a8HxCmj0850,sawing wood,0,10,0.000000,9.943277,9.0
bROOdKAmNQ0,sawing wood,24,34,31.966667,34.000000,3.0
c4_Bsp0447I,sawing wood,0,10,0.000000,9.916666,3.0
dat-J1eXkYE,sawing wood,18,28,18.000000,26.986486,5.0
d3CuNToEcbU,sawing wood,163,173,163.000000,171.000000,5.0
gOgk2o7TOJA,sawing wood,42,52,42.000000,51.976643,4.0
gmmcV3AqHZg,sawing wood,4,14,7.300000,10.466666,2.0
ipnS2WX96GM,sawing wood,29,39,32.403403,38.909910,12.0
ipnS2WX96GM,sawing wood,29,39,29.000000,32.136470,7.0
kfudDjgZD-k,sawing wood,0,10,0.000000,6.120000,13.0
kfudDjgZD-k,sawing wood,0,10,8.160000,10.000000,4.0
l4QWI5dgmZs,sawing wood,5,15,5.000000,14.333333,5.0
pxGU5sP2vnE,sawing wood,133,143,133.000000,142.943277,19.0
rY_oN_82-do,sawing wood,5,15,5.000000,9.400000,2.0
roNF133x3ao,sawing wood,19,29,23.380000,29.000000,8.0
tmyftMqNJlE,sawing wood,41,51,41.000000,50.166667,5.0
u2WPzrpz38g,sawing wood,9,19,9.000000,15.356357,15.0
0Q2sqxP7sZQ,sawing wood,128,138,134.890223,137.943277,2.0
0TVA21VNGts,sawing wood,79,89,79.000000,89.000000,21.0
1TC4Mx8FvRU,sawing wood,35,45,35.000000,44.983334,3.0
2HShvkdMsjo,sawing wood,46,56,46.000000,56.000000,10.0
24H9meyG5hI,sawing wood,4,14,4.000000,14.000000,7.0
4fI3VzIGnNE,sawing wood,43,53,43.000000,48.940000,6.0
5H9y1DiSgBo,sawing wood,75,85,79.416667,82.800000,10.0
7S3-Ff0JnNY,sawing wood,26,36,27.700000,34.966667,2.0
8frtN1kXCmM,sawing wood,78,88,78.000000,87.920000,3.0
8j_roCqyldE,sawing wood,1,11,1.000000,10.943277,24.0
9n47CwR0xkQ,sawing wood,34,44,34.000000,44.000000,23.0
9yb75QQ5MyM,sawing wood,0,10,0.000000,9.743076,25.0
C6n52jYoAoA,skipping rope,21,31,21.000000,28.500000,20.0
GGFmVtXYdd4,skipping rope,0,10,0.000000,9.976643,15.0
H73-Y41J28U,skipping rope,1,11,1.000000,10.409409,21.0
KcoQnHNhhrY,skipping rope,13,23,17.036621,18.950895,3.0
KcoQnHNhhrY,skipping rope,13,23,21.114857,22.675406,2.0
MGpp_EJ_hHY,skipping rope,25,35,25.000000,34.943277,22.0
M6KhZySGjz4,skipping rope,20,30,20.000000,28.966667,17.0
N1IDxNGggR4,skipping rope,0,10,0.766667,10.000000,31.0
N2IQ-KU1akQ,skipping rope,33,43,33.000000,38.924091,11.0
OFOwqlTnzFE,skipping rope,121,131,121.000000,131.000000,23.0
PaQMCSuKoPY,skipping rope,8,18,10.600000,18.000000,20.0
PaQMCSuKoPY,skipping rope,8,18,8.000000,9.733333,4.0
Pujmt2p77hE,skipping rope,1,11,1.000000,11.000000,29.0
SBQ8ymvWbz8,skipping rope,9,19,9.133467,18.309309,22.0
S5wBJ1RRDSk,skipping rope,6,16,6.000000,11.071738,14.0
Tumz6yea5Gc,skipping rope,167,177,167.000000,171.800000,20.0
Tumz6yea5Gc,skipping rope,167,177,176.320000,177.000000,2.0
W9i0s98dZf0,skipping rope,20,30,20.000000,26.560000,14.0
Z58rMOT7pEE,skipping rope,4,14,4.000000,5.434768,2.0
gIZfTUnE1VY,skipping rope,0,10,4.650000,10.000000,9.0
inv9GmZ7VyI,skipping rope,214,224,215.283333,222.250000,8.0
jmPV_y8YntQ,skipping rope,89,99,89.000000,90.960000,10.0
jmPV_y8YntQ,skipping rope,89,99,91.520000,98.520000,27.0
kw4QuPjpclo,skipping rope,5,15,9.633333,15.000000,18.0
kw4QuPjpclo,skipping rope,5,15,5.666667,6.350000,2.0
kw4QuPjpclo,skipping rope,5,15,7.016666,7.600000,2.0
kw4QuPjpclo,skipping rope,5,15,8.250000,8.966667,2.0
pf8umq-Na28,skipping rope,30,40,30.000000,39.943277,27.0
qhv2CMozNP8,skipping rope,0,10,5.000000,10.000000,7.0
taEnhbs3zGQ,skipping rope,426,436,426.000000,431.055055,8.0
taEnhbs3zGQ,skipping rope,426,436,435.042376,435.943277,2.0
t2LETxjx21w,skipping rope,52,62,52.000000,54.066667,3.0
uGCB1zQGXwQ,skipping rope,4,14,4.000000,8.320000,11.0
uGCB1zQGXwQ,skipping rope,4,14,10.560000,14.000000,13.0
va93ykOh2QI,skipping rope,756,766,756.000000,761.600000,14.0
va93ykOh2QI,skipping rope,756,766,762.080000,766.000000,12.0
vy5m_4mt4R0,skipping rope,22,32,22.000000,31.566667,17.0
v4mLWY_6PII,skipping rope,15,25,15.000000,20.500000,8.0
wdZ-udSHAN8,skipping rope,1,11,1.000000,10.976643,12.0
x3l770QRGsQ,skipping rope,27,37,27.000000,32.105105,17.0
0FyPS-tKu7Q,skipping rope,0,10,0.766667,10.000000,19.0
1DTS-lRWuM4,skipping rope,6,16,15.100000,16.000000,2.0
10PTfhIsIkA,skipping rope,0,10,1.866667,5.000000,6.0
2SuxkBT61co,skipping rope,16,26,16.000000,25.091821,22.0
3V0FICZwVCk,skipping rope,7,17,7.000000,16.933333,33.0
4d54ERSroPE,skipping rope,9,19,9.600000,10.100000,2.0
4d54ERSroPE,skipping rope,9,19,12.033333,12.566667,2.0
4d54ERSroPE,skipping rope,9,19,13.116667,13.666666,2.0
4d54ERSroPE,skipping rope,9,19,13.983334,15.000000,2.0
4d54ERSroPE,skipping rope,9,19,15.583334,16.050000,2.0
4d54ERSroPE,skipping rope,9,19,16.616667,17.666666,4.0
4d54ERSroPE,skipping rope,9,19,18.233334,19.000000,3.0
5gcntrSK8m4,skipping rope,51,61,51.000000,56.184597,13.0
78stFnqSRgM,skipping rope,0,10,0.000000,10.000000,32.0
8It_HmkiM1E,skipping rope,0,10,0.000000,8.266667,18.0
9McFCBmkfow,skipping rope,0,10,0.000000,5.766667,8.0
9VDC91AxdMU,skipping rope,1,11,1.000000,11.000000,23.0
-IUR-G4rEoE,skipping rope,0,10,0.734067,4.471138,8.0
-TuVA28TVJc,skipping rope,33,43,33.000000,38.372039,8.0
-TuVA28TVJc,skipping rope,33,43,39.189523,42.976643,2.0
_PDgqk9JEdg,skipping rope,11,21,11.000000,16.900000,16.0
_PDgqk9JEdg,skipping rope,11,21,18.300000,19.800000,3.0
BRVRrXre6rA,slicing onion,68,78,68.000000,70.083403,6.0
BRVRrXre6rA,slicing onion,68,78,72.939682,76.820861,15.0
BRVRrXre6rA,slicing onion,68,78,76.131993,77.980174,9.0
Bb3XvyTEkNE,slicing onion,111,121,111.000000,115.771438,22.0
Bb3XvyTEkNE,slicing onion,111,121,117.606607,120.976643,15.0
Bp9BSWqqKuQ,slicing onion,13,23,14.920000,18.160000,6.0
CoiK6D8rcaY,slicing onion,148,158,148.000000,152.300000,4.0
CoiK6D8rcaY,slicing onion,148,158,155.066667,158.000000,3.0
CxUynB3Yb5M,slicing onion,10,20,10.000000,16.375000,34.0
DIqmvoEjWPY,slicing onion,21,31,27.466667,31.000000,9.0
DYxQzpkI_YU,slicing onion,113,123,113.000000,115.502503,2.0
D8j406o8cGo,slicing onion,41,51,41.000000,42.368035,8.0
D8j406o8cGo,slicing onion,41,51,43.535869,50.976643,31.0
Eigh82JFSSM,slicing onion,115,125,120.972639,124.476143,11.0
ElXMWG1UFq0,slicing onion,64,74,65.584918,69.213547,2.0
FK6L3zouhec,slicing onion,31,41,31.300000,41.000000,4.0
FixwP56qyLg,slicing onion,282,292,282.000000,288.306306,5.0
FixwP56qyLg,slicing onion,282,292,290.041375,291.976643,4.0
F8FbDUOz9_E,slicing onion,51,61,60.352059,60.988938,4.0
F-HpgZTGz-8,slicing onion,44,54,44.000000,46.627628,5.0
F-HpgZTGz-8,slicing onion,44,54,50.881882,53.968302,19.0
HLftb2xvrqM,slicing onion,26,36,29.217913,35.955418,42.0
HgP2KtYfeT8,slicing onion,108,118,112.466667,117.600000,3.0
H0DWt8muhnc,slicing onion,25,35,30.232968,33.486800,3.0
InfLbqvDNZo,slicing onion,22,32,23.972118,29.004420,7.0
J3FOvKd_-sc,slicing onion,54,64,54.000000,57.689655,11.0
J3FOvKd_-sc,slicing onion,54,64,59.896552,63.965517,17.0
KWkoYYhfs6o,slicing onion,27,37,27.000000,36.942744,10.0
LyZh9iBR0mc,slicing onion,269,279,269.000000,273.310345,4.0
MOf8CsIWGio,slicing onion,3,13,3.000000,13.000000,34.0
MZZAJH5ul3g,slicing onion,115,125,115.000000,120.438772,6.0
M60rs9yCuI4,slicing onion,46,56,47.440000,54.120000,7.0
NWKE1a927Xc,slicing onion,20,30,20.000000,25.605606,8.0
NWKE1a927Xc,slicing onion,20,30,26.056056,29.959960,6.0
N6yClw0knrg,slicing onion,65,75,65.000000,67.741248,13.0
N_Jm9uRlWlE,slicing onion,123,133,123.000000,128.071738,2.0
OBsTgo0_mkw,slicing onion,16,26,16.000000,26.000000,24.0
QAx4NjXASY4,slicing onion,15,25,15.000000,24.960000,46.0
QMGApafsnJw,slicing onion,17,27,17.000000,23.219352,19.0
QMGApafsnJw,slicing onion,17,27,24.136307,26.608101,8.0
QpXiFpgNDtE,slicing onion,15,25,15.000000,21.100000,4.0
QrMMaswiBdk,slicing onion,17,27,17.000000,26.866667,48.0
RW8JyyPfoVw,slicing onion,18,28,18.000000,20.987398,9.0
SkBkmXEasXk,slicing onion,8,18,8.000000,16.166667,32.0
TjJ_1E4xZN0,slicing onion,26,36,27.080000,36.000000,15.0
Tvw2hxRybr8,slicing onion,0,10,1.726630,9.998394,37.0
UuWfrEnYB1A,slicing onion,45,55,45.000000,45.833333,4.0
UuWfrEnYB1A,slicing onion,45,55,47.550000,53.700000,32.0
Uz9Vntys6Qs,slicing onion,40,50,42.669336,46.339673,2.0
WMn2dy1E14g,slicing onion,4,14,8.916666,10.533334,7.0
WMn2dy1E14g,slicing onion,4,14,11.116667,12.800000,8.0
WZf9bD7JpUc,slicing onion,36,46,36.000000,40.266666,26.0
XEBpb6Q7U0I,slicing onion,384,394,384.000000,389.038372,4.0
Xnv7e20xdcA,slicing onion,124,134,128.600000,132.433333,14.0
X2UxCk6nd1k,slicing onion,9,19,10.233334,14.150000,22.0
X2UxCk6nd1k,slicing onion,9,19,14.716666,18.433333,5.0
X9Ww0JMsFYA,slicing onion,20,30,20.000000,27.273941,2.0
YKluKz_K6vk,slicing onion,81,91,88.033333,91.000000,4.0
YOddpF7Np2M,slicing onion,24,34,24.000000,29.810147,22.0
YXgE1oqkqRc,slicing onion,9,19,17.633289,18.958873,9.0
Yfu2eAupbzU,slicing onion,132,142,134.533333,142.000000,4.0
YsIo8ESxRLQ,slicing onion,16,26,16.000000,25.968302,8.0
aTiLkkZYp7g,slicing onion,19,29,20.440000,29.000000,3.0
a6U89fd7bBc,slicing onion,159,169,159.000000,167.383383,8.0
bxUw9MRQRfc,slicing onion,15,25,19.560000,25.000000,3.0
cDa_nM-pMKI,slicing onion,343,353,351.008008,352.968302,2.0
cSIiwoi5pG0,slicing onion,1,11,1.000000,6.766667,30.0
cSIiwoi5pG0,slicing onion,1,11,5.550000,8.700000,17.0
caI3NQCy39M,slicing onion,83,93,83.000000,88.633334,9.0
du7TUpd_R9I,slicing onion,48,58,48.367034,54.373040,4.0
eCvvyM2qx9M,slicing onion,2,12,5.294962,11.968302,15.0
eTK4wWtwgx0,slicing onion,0,10,0.000000,9.009009,11.0
fn4jnzQw8zE,slicing onion,0,10,1.066667,5.700000,17.0
fn4jnzQw8zE,slicing onion,0,10,6.466667,8.666667,3.0
ftI8LKUbpjg,slicing onion,5,15,5.000000,13.737905,7.0
gvzhkLjOQds,slicing onion,5,15,5.000000,10.875676,17.0
h_cgCb6XAwM,slicing onion,228,238,228.000000,229.668474,2.0
iBX4iKPpSK0,slicing onion,0,10,0.000000,5.233333,25.0
iBX4iKPpSK0,slicing onion,0,10,5.800000,6.483333,4.0
iBX4iKPpSK0,slicing onion,0,10,8.933333,9.500000,3.0
iSlQpbAQ66M,slicing onion,200,210,200.000000,209.955418,3.0
ivOGqRMb6O4,slicing onion,19,29,19.000000,21.133333,10.0
jAjSIhIzWMI,slicing onion,43,53,43.000000,50.383333,23.0
jMKGwCkjWs0,slicing onion,39,49,39.000000,41.700000,2.0
jegH3kB3DNs,slicing onion,7,17,8.000000,12.000000,3.0
jynkHtHTHfE,slicing onion,4,14,4.000000,5.234568,8.0
jynkHtHTHfE,slicing onion,4,14,6.902903,10.906907,27.0
kMx_8yzxLUQ,slicing onion,51,61,51.000000,60.943708,35.0
lTJshoxjeUw,slicing onion,249,259,249.000000,250.880000,2.0
lw7X3f3Qvgw,slicing onion,106,116,106.000000,113.700000,14.0
mfIXRgPakTk,slicing onion,119,129,123.070737,128.976643,2.0
ncZKWOhFMXk,slicing onion,29,39,32.553553,35.272940,4.0
ncZKWOhFMXk,slicing onion,29,39,36.774441,38.943277,3.0
oQgxM2xeyBo,slicing onion,59,69,59.000000,61.852853,15.0
ppGug0UyvFs,slicing onion,87,97,87.000000,93.000000,13.0
ppGug0UyvFs,slicing onion,87,97,94.500000,97.000000,8.0
sY6runQjXlo,slicing onion,78,88,80.369036,83.905906,2.0
sp7mjp1sDCo,slicing onion,0,10,3.800000,10.000000,29.0
tYRLwxtvswg,slicing onion,5,15,5.000000,11.322990,26.0
tdFnvuJ8jho,slicing onion,76,86,76.000000,84.508509,7.0
uCn_a2zTi7w,slicing onion,212,222,212.852358,216.111375,12.0
uIlD931emW0,slicing onion,55,65,55.000000,58.570237,4.0
vkpPM_92Vlg,slicing onion,20,30,20.000000,24.133333,12.0
vz6ozqYt6w4,slicing onion,10,20,10.000000,14.533334,5.0
v2n-vykTMpg,slicing onion,55,65,56.370973,62.104132,7.0
xSYsu9Osgwk,slicing onion,1,11,1.000000,2.900000,10.0
xZyluVs0ojg,slicing onion,181,191,181.000000,183.635969,3.0
xkJRJ7VDAM8,slicing onion,5,15,5.000000,8.466667,15.0
xkJRJ7VDAM8,slicing onion,5,15,8.883333,11.433333,13.0
xkJRJ7VDAM8,slicing onion,5,15,13.366667,15.000000,10.0
AtTo4I3FEtE,swimming butterfly stroke,14,24,14.666667,20.333333,3.0
A50UYDuqIJ8,swimming butterfly stroke,12,22,15.605769,21.975962,6.0
A7xOaBJGXTc,swimming butterfly stroke,30,40,30.000000,39.931034,8.0
D9yiPcRPbyo,swimming butterfly stroke,3,13,7.400234,12.864031,3.0
FFDQSzwwaW8,swimming butterfly stroke,2,12,3.368035,11.943277,6.0
FFDQSzwwaW8,swimming front crawl,0,10,1.368035,9.943277,6.0
HI6k03MNTcI,swimming breast stroke,93,103,93.000000,102.976643,6.0
HI6k03MNTcI,swimming butterfly stroke,36,46,36.000000,45.976643,6.0
HI6k03MNTcI,swimming front crawl,20,30,20.000000,29.976643,6.0
H1OtLrfK3Ho,swimming breast stroke,20,30,20.000000,25.038372,3.0
H1OtLrfK3Ho,swimming butterfly stroke,5,15,5.000000,10.038372,3.0
H1OtLrfK3Ho,swimming breast stroke,20,30,27.607608,29.976643,2.0
H1OtLrfK3Ho,swimming butterfly stroke,5,15,12.607608,14.976643,2.0
H-vWDzgC_Xc,swimming butterfly stroke,10,20,10.000000,19.976643,7.0
JUuy1XZHjIY,swimming butterfly stroke,11,21,11.000000,21.000000,5.0
KWVLsndbSuU,swimming butterfly stroke,6,16,6.000000,10.533333,2.0
LwHF4_RXGTw,swimming butterfly stroke,59,69,62.866667,66.466667,2.0
MXpuubeQhNk,swimming butterfly stroke,50,60,50.000000,55.466667,2.0
POGTm5vGEII,swimming butterfly stroke,3,13,3.000000,13.000000,8.0
P2yMabeh2Co,swimming butterfly stroke,7,17,7.000000,13.000000,5.0
QJg4XDa5k3o,swimming butterfly stroke,0,10,1.366712,9.966999,5.0
TTRjWksItbM,swimming butterfly stroke,3,13,8.638972,12.976643,2.0
WfSvqb5UFHk,swimming butterfly stroke,29,39,29.000000,39.000000,6.0
Y22OE9ZSlnY,swimming butterfly stroke,0,10,0.000000,7.480000,6.0
cIaABUwBI3U,swimming butterfly stroke,6,16,6.000000,14.966667,4.0
cdWDLFCj2OY,swimming butterfly stroke,18,28,18.000000,26.866667,4.0
cdWDLFCj2OY,swimming front crawl,9,19,9.000000,17.866667,4.0
eOpPlx-1vZ4,swimming butterfly stroke,5,15,5.000000,12.566667,7.0
g8VIqpxoQbE,swimming butterfly stroke,4,14,8.366667,14.000000,3.0
hYpfqDMuMIY,swimming butterfly stroke,20,30,20.300300,24.421088,4.0
k6SNmV14PWU,swimming butterfly stroke,2,12,2.000000,7.238572,4.0
k6SNmV14PWU,swimming front crawl,0,10,0.000000,5.238572,4.0
lEbTbt1K87U,swimming butterfly stroke,0,10,0.000000,10.000000,8.0
l45vI_zjuWo,swimming butterfly stroke,10,20,10.000000,19.009009,5.0
mRBykbMm_jA,swimming butterfly stroke,6,16,6.000000,15.300000,7.0
maVnj-BZ7JY,swimming breast stroke,10,20,10.000000,19.912612,9.0
maVnj-BZ7JY,swimming butterfly stroke,6,16,6.000000,15.912612,9.0
tOicP_u_8e4,swimming butterfly stroke,1,11,5.154154,10.976643,4.0
tbesSp7Nu0M,swimming butterfly stroke,33,43,33.000000,36.783333,2.0
tbesSp7Nu0M,swimming front crawl,3,13,3.000000,6.783333,2.0
t6Ny1kl7Mxs,swimming breast stroke,0,10,2.166667,9.666667,4.0
t6Ny1kl7Mxs,swimming butterfly stroke,7,17,9.166667,16.666667,4.0
0s3dI9DaQUY,swimming butterfly stroke,2,12,2.000000,11.843177,3.0
1OFMICfXJvQ,swimming butterfly stroke,3,13,3.000000,12.976643,5.0
1_--09LCWLU,swimming butterfly stroke,0,10,0.000000,10.000000,5.0
4lgbJKPMo3Y,swimming butterfly stroke,0,10,0.000000,3.570237,3.0
4zl3h-ycfXo,swimming butterfly stroke,11,21,14.737070,20.909910,4.0
5LlwPLP6ELg,swimming butterfly stroke,260,270,263.036370,266.973640,3.0
9aCHFjdMLdY,swimming butterfly stroke,30,40,30.000000,36.166667,4.0
AAECW6meQrA,swimming front crawl,351,361,353.360000,361.000000,8.0
AlSCMCPFlqo,swimming front crawl,319,329,320.437310,328.994318,8.0
FFDQSzwwaW8,swimming butterfly stroke,2,12,5.636970,11.776443,4.0
FFDQSzwwaW8,swimming front crawl,0,10,3.636970,9.776443,4.0
GeiqTdtP2MY,swimming front crawl,18,28,18.000000,24.966667,9.0
Jq4XMy3iKCo,swimming front crawl,16,26,16.000000,25.976643,11.0
LBD_o2t9TaI,swimming front crawl,212,222,212.000000,216.440000,4.0
LBD_o2t9TaI,swimming front crawl,212,222,220.920000,222.000000,2.0
Nejv69b_nmw,swimming front crawl,16,26,16.000000,25.360000,11.0
WAFMr1KANpE,swimming front crawl,51,61,51.000000,58.733333,8.0
WiMM3rliyRI,swimming front crawl,7,17,7.000000,17.000000,8.0
Xh7-rFGHYwU,swimming breast stroke,77,87,78.600000,87.000000,9.0
Xh7-rFGHYwU,swimming butterfly stroke,9,19,10.600000,19.000000,9.0
Xh7-rFGHYwU,swimming front crawl,10,20,11.600000,20.000000,9.0
cdWDLFCj2OY,swimming butterfly stroke,18,28,18.000000,27.966667,5.0
cdWDLFCj2OY,swimming front crawl,9,19,9.000000,18.966667,5.0
i-cyRM8XpIw,swimming breast stroke,81,91,84.077774,88.227582,2.0
i-cyRM8XpIw,swimming butterfly stroke,71,81,74.077774,78.227582,2.0
i-cyRM8XpIw,swimming front crawl,89,99,92.077774,96.227582,2.0
kI21zzqxqA8,swimming breast stroke,673,683,673.000000,683.000000,11.0
kI21zzqxqA8,swimming front crawl,188,198,188.000000,198.000000,11.0
lDBDYfAZo4U,swimming front crawl,26,36,32.840000,36.000000,3.0
lmQNhciYiVU,swimming front crawl,11,21,11.567234,19.241575,9.0
oiDXkrXlo_Y,swimming front crawl,17,27,17.000000,19.836170,5.0
rluogU2c11M,swimming front crawl,140,150,140.000000,146.986028,6.0
r4FxHVEd_bg,swimming front crawl,26,36,27.600000,36.000000,9.0
t5w8M2yyElM,swimming front crawl,1371,1381,1378.290624,1380.809810,2.0
uEm-L7vYnlo,swimming front crawl,4,14,4.367034,13.409409,10.0
uoF1lqy7yDU,swimming front crawl,18,28,18.000000,27.976643,12.0
vEwab0wMs9Y,swimming front crawl,32,42,32.000000,41.109109,9.0
18ujtKPXRHE,swimming front crawl,4,14,7.737070,13.976643,6.0
2M0cyAw5csU,swimming front crawl,8,18,8.000000,17.976643,7.0
3XwIRQL045k,swimming front crawl,0,10,0.000000,1.107027,4.0
AiStLCoxW7I,tapping pen,139,149,139.000000,149.000000,9.0
GA1p9iU0HlY,tapping pen,132,142,132.000000,133.254338,3.0
GA1p9iU0HlY,tapping pen,132,142,136.557428,141.992892,13.0
HeD22cFly80,tapping pen,36,46,36.000000,39.666667,6.0
HeD22cFly80,tapping pen,36,46,42.033333,46.000000,13.0
H_G-GIsvQl0,tapping pen,109,119,109.000000,118.962963,17.0
IUJx0juUPKQ,tapping pen,3,13,3.000000,13.000000,18.0
MIKMSrs-H0Q,tapping pen,69,79,69.000000,78.939394,30.0
Mfrl8pPJeoY,tapping pen,29,39,29.000000,39.000000,14.0
NzIe5WsVAl0,tapping pen,24,34,24.000000,27.560000,7.0
NzIe5WsVAl0,tapping pen,24,34,31.800000,34.000000,9.0
OACASzdpZEU,tapping pen,23,33,26.466667,30.866667,5.0
PEmbX-fnBRw,tapping pen,2,12,2.000000,12.000000,41.0
SD1cqWqjgik,tapping pen,12,22,17.515259,21.058395,4.0
WDyjkTYLpCM,tapping pen,14,24,14.000000,24.000000,20.0
ZWkYTgyNXBk,tapping pen,13,23,13.000000,15.505521,7.0
bcirsloW_MI,tapping pen,18,28,18.000000,28.000000,48.0
dCUsS5m3eGM,tapping pen,8,18,8.000000,18.000000,30.0
d5plwNKqlVc,tapping pen,10,20,10.000000,19.976643,23.0
fcRLi1SXovs,tapping pen,4,14,4.000000,13.921422,40.0
haXLj3W0Qlc,tapping pen,89,99,89.000000,98.816295,10.0
h9uV5jzG3Ls,tapping pen,50,60,50.000000,57.516667,36.0
nF3qTMrKLG0,tapping pen,1,11,2.001001,7.373040,5.0
pc-a-gyr1jA,tapping pen,60,70,63.366667,65.633333,4.0
rqKDdTCHPes,tapping pen,16,26,16.000000,26.000000,17.0
r8BFfD71Ppo,tapping pen,63,73,66.028681,66.915532,3.0
r8BFfD71Ppo,tapping pen,63,73,68.538636,71.232656,5.0
tAi-VepyuYw,tapping pen,46,56,46.000000,55.930176,30.0
vcfHHoyi7BE,tapping pen,52,62,52.000000,62.000000,52.0
xABhatYaaV8,tapping pen,26,36,26.000000,36.000000,13.0
1DJfEcp0xVo,tapping pen,61,71,62.069626,70.994318,28.0
2TC0LNlBJqE,tapping pen,28,38,28.000000,38.000000,29.0
44BjrMNQJ0Q,tapping pen,74,84,74.000000,83.951414,24.0
5AeHhG6SZBY,tapping pen,97,107,98.234568,106.943277,17.0
-TQ_pI1z4Bo,tapping pen,111,121,111.000000,120.962963,26.0
-kBCX4HmGrE,tapping pen,32,42,32.000000,42.000000,30.0
-50rKj9WZgA,tapping pen,28,38,28.000000,36.433333,32.0
_HC33hHTbvE,tapping pen,4,14,4.000000,14.000000,14.0
DYKyirHChZI,using a wrench,13,23,13.000000,22.976643,2.0
EiGL761Kwls,using a wrench,17,27,24.674341,26.976643,2.0
LEcEvdhimFU,using a wrench,0,10,2.035369,9.976643,12.0
POGqStjMI60,using a wrench,49,59,50.840000,52.680000,2.0
QYLzDEJT28A,using a wrench,163,173,163.350000,166.950000,3.0
QYLzDEJT28A,using a wrench,163,173,168.233333,172.500000,3.0
UZLXA4RN9ts,using a wrench,21,31,21.000000,23.002002,3.0
UZLXA4RN9ts,using a wrench,21,31,27.039373,30.976643,7.0
fbr_1XEoaTY,using a wrench,76,86,76.967634,85.109109,2.0
hhmtKa7OnLw,using a wrench,16,26,16.000000,21.872539,5.0
iJf436LnH_s,using a wrench,28,38,28.000000,37.920000,6.0
kJlifg6tH4w,using a wrench,145,155,149.649374,154.962945,5.0
ksQj_bhkIXw,using a wrench,26,36,32.306306,35.943277,2.0
tJy5NEoXGrI,using a wrench,5,15,5.000000,14.000000,10.0
t-8-Nttywpg,using a wrench,19,29,19.968345,27.030586,3.0
t-8-Nttywpg,using a wrench,19,29,25.945372,28.950581,2.0
0s2rjhugfyo,using a wrench,123,133,123.000000,126.903904,3.0
04Pcw0e3g8c,using a wrench,14,24,15.433333,18.950000,3.0
04Pcw0e3g8c,using a wrench,14,24,19.950000,21.666667,2.0
1TbjMYvZqjw,using a wrench,42,52,45.966667,52.000000,2.0
7Rx3uFSR1Lw,using a wrench,0,10,1.833333,10.000000,14.0
-gOdpBRMoAM,using a wrench,28,38,28.000000,31.588719,6.0
AhFJbRtcsPs,using a sledge hammer,16,26,16.000000,20.133333,2.0
AhFJbRtcsPs,using a sledge hammer,16,26,23.766667,26.000000,2.0
ArR8eP9A_Jc,using a sledge hammer,1,11,1.000000,10.968302,4.0
BSTOBzOcoqE,using a sledge hammer,193,203,193.000000,196.840000,32.0
BxSryaEe9sM,using a sledge hammer,3,13,3.000000,13.000000,9.0
Byd4hzhe8NQ,using a sledge hammer,9,19,9.166666,16.900000,7.0
B5YSsqF2FRA,using a sledge hammer,14,24,14.000000,24.000000,5.0
CQpEbHDPJpg,using a sledge hammer,4,14,4.000000,12.074741,4.0
CwZx6J4vU84,using a sledge hammer,12,22,12.000000,21.994318,6.0
DMws6AXx45o,using a sledge hammer,12,22,12.000000,21.976643,7.0
GPvOQ-kB5qM,using a sledge hammer,91,101,91.000000,100.994318,5.0
GyXbdrtAlHY,using a sledge hammer,145,155,146.016667,152.050000,4.0
IiLY0NUwQfU,using a sledge hammer,0,10,4.578373,9.989178,4.0
IlofJ9MRGn0,using a sledge hammer,10,20,10.000000,19.750000,5.0
Io2qPmyvb0g,using a sledge hammer,16,26,16.000000,25.976643,7.0
I07oWjU6oIg,using a sledge hammer,28,38,28.000000,35.140474,3.0
JEf7uNNMgw4,using a sledge hammer,0,10,4.966667,10.000000,3.0
JveCgAAxjnQ,using a sledge hammer,157,167,157.000000,167.000000,6.0
KkmchU9B-P8,using a sledge hammer,306,316,306.000000,316.000000,7.0
LcrPOdwPcy0,using a sledge hammer,3,13,3.000000,12.976643,6.0
MSU9kiN6Xf8,using a sledge hammer,0,10,1.266667,9.733333,4.0
MqPBZFPTfy4,using a sledge hammer,0,10,0.000000,9.968302,8.0
NFknmZw5Oiw,using a sledge hammer,9,19,9.000000,18.200000,6.0
N8t72kiTeOg,using a sledge hammer,171,181,171.000000,176.433333,3.0
OjoS1QJ7x7M,using a sledge hammer,0,10,0.000000,9.400000,3.0
Px2ukiMmaqY,using a sledge hammer,219,229,219.000000,228.976643,6.0
RjbU5O_kqjk,using a sledge hammer,101,111,101.000000,110.976643,5.0
Szb9n6DUgGA,using a sledge hammer,292,302,294.502503,301.943277,4.0
TxaF9cBQk88,using a sledge hammer,3,13,3.000000,10.507508,4.0
U6IA_w1sy8I,using a sledge hammer,13,23,13.000000,23.000000,7.0
XeO238hQwKI,using a sledge hammer,50,60,50.000000,60.000000,7.0
Xq4VwMZnS4I,using a sledge hammer,12,22,12.000000,21.353684,5.0
YMNiDtlH7j4,using a sledge hammer,13,23,14.001001,22.976643,4.0
ZppIGvb9bsE,using a sledge hammer,23,33,30.290624,32.959960,2.0
ZvDdpWs0JQk,using a sledge hammer,15,25,15.000000,25.000000,7.0
bGVZxz35dX4,using a sledge hammer,49,59,49.000000,57.508509,5.0
bqLmeyIEmFg,using a sledge hammer,0,10,2.066667,9.700000,3.0
cI3KuI33DaY,using a sledge hammer,48,58,48.000000,57.976643,7.0
c9hcHBlDwx8,using a sledge hammer,4,14,4.000000,13.342676,7.0
dDWHxNdIqMY,using a sledge hammer,4,14,4.000000,13.042376,6.0
dTbtaxcHiTI,using a sledge hammer,49,59,49.000000,52.403403,2.0
dTbtaxcHiTI,using a sledge hammer,49,59,55.539873,58.976643,2.0
en9-qib5Bs4,using a sledge hammer,433,443,434.267935,442.943277,5.0
e09OFyVlQBI,using a sledge hammer,9,19,10.315967,18.312998,2.0
gIEpkQeVgFk,using a sledge hammer,7,17,7.000000,16.542876,6.0
hfMRIydOxfQ,using a sledge hammer,16,26,16.000000,25.733333,7.0
iV681QKVjUo,using a sledge hammer,239,249,239.000000,248.633333,5.0
inapKPYckFA,using a sledge hammer,12,22,12.533867,21.075742,4.0
jHNtaevN6Bo,using a sledge hammer,0,10,1.333333,10.000000,4.0
jOvqlMkUqik,using a sledge hammer,0,10,0.480000,7.920000,2.0
jWyTaePZGTs,using a sledge hammer,16,26,19.800000,25.966667,4.0
kUHzF53gv_U,using a sledge hammer,24,34,24.433767,33.943277,5.0
l7wG9vmG77E,using a sledge hammer,0,10,0.000000,9.993177,6.0
mJgmseapwQo,using a sledge hammer,26,36,26.000000,35.500000,6.0
oSFyWDiTslQ,using a sledge hammer,2,12,2.000000,10.274942,5.0
oe7UkI9DZcM,using a sledge hammer,0,10,0.400000,9.266667,5.0
o6_-QKn_AaM,using a sledge hammer,29,39,29.000000,37.400000,6.0
pNvHYGPFV1M,using a sledge hammer,12,22,12.000000,21.965517,5.0
p_JXi4r0Aiw,using a sledge hammer,0,10,0.835645,9.994318,4.0
qKj1u8ZS3T4,using a sledge hammer,27,37,27.000000,33.366667,4.0
rGMVsfoI3Qo,using a sledge hammer,33,43,33.000000,43.000000,7.0
rNw7OqsZXRg,using a sledge hammer,19,29,19.400000,29.000000,6.0
rvz2WXrY_ww,using a sledge hammer,8,18,8.000000,17.949949,11.0
rwZbTxGY1xI,using a sledge hammer,51,61,51.000000,61.000000,6.0
suUWVTsXqKA,using a sledge hammer,40,50,40.000000,50.000000,5.0
tHsmYtd4guM,using a sledge hammer,0,10,0.000000,9.566667,5.0
uY_B6y5fK8E,using a sledge hammer,0,10,0.000000,10.000000,5.0
udx-smG0wmo,using a sledge hammer,17,27,18.933333,25.800000,6.0
vv9BUgClN7k,using a sledge hammer,11,21,11.000000,19.566667,5.0
v2kSzN5hkPU,using a sledge hammer,0,10,0.000000,8.274942,5.0
wDgTQ_0w8jo,using a sledge hammer,17,27,17.000000,27.000000,7.0
wULy0VP1qTk,using a sledge hammer,14,24,14.000000,21.741074,4.0
xGHgYwaKPo0,using a sledge hammer,0,10,0.000000,7.566667,4.0
xaA6Z-1ENUo,battle rope training,89,99,89.000000,93.204204,3.0
xaA6Z-1ENUo,using a sledge hammer,16,26,16.000000,20.204204,3.0
xzZOQQSKuaA,using a sledge hammer,148,158,148.983333,155.466667,2.0
x8vixLBjag0,using a sledge hammer,15,25,15.000000,24.609610,6.0
x9D3OKeeTI4,using a sledge hammer,24,34,24.000000,33.943277,7.0
yPrWqM2y5LY,using a sledge hammer,3,13,3.000000,13.000000,5.0
1Yz_txBZjbw,using a sledge hammer,14,24,14.000000,23.080000,3.0
2rCLDJWJvSY,using a sledge hammer,1,11,6.000000,7.960000,2.0
3J0nLfaoPCY,using a sledge hammer,54,64,54.000000,56.212315,2.0
393hVY7pxHw,using a sledge hammer,21,31,21.000000,24.837171,2.0
5UyE53HSiGg,using a sledge hammer,31,41,31.800000,41.000000,5.0
5jIIgZ_nrcE,using a sledge hammer,64,74,64.000000,73.866667,4.0
6AahLIz_aOE,using a sledge hammer,0,10,0.000000,8.241575,7.0
8BR4GfnMczQ,using a sledge hammer,17,27,17.000000,19.806406,2.0
8CfaRPwU5mI,battle rope training,3,13,5.202202,12.309309,4.0
8CfaRPwU5mI,using a sledge hammer,21,31,23.202202,30.309309,4.0
8KuGsXtv0bc,using a sledge hammer,47,57,47.000000,55.827586,5.0
80k_ejNEeOY,using a sledge hammer,11,21,16.839173,20.976643,4.0
9Kve3ydDCuc,using a sledge hammer,0,10,0.733333,10.000000,5.0
9-yL_3D13Rg,using a sledge hammer,10,20,10.000000,20.000000,5.0
-DrsyI5Dk1I,using a sledge hammer,83,93,83.480000,93.000000,4.0
